t,meter_12,meter_4
2015-07-01 00:00:00,1048.04,1235.22
2015-07-01 00:01:00,1021.77,7828.69
2015-07-01 00:02:00,1016.98,7685.08
2015-07-01 00:03:00,1010.69,8002.72
2015-07-01 00:04:00,1043.17,8127.82
2015-07-01 00:05:00,926.635,13993.3
2015-07-01 00:06:00,896.353,13602.9
2015-07-01 00:07:00,1039.44,1836.97
2015-07-01 00:08:00,1080.17,1773.54
2015-07-01 00:09:00,1044.67,1900.41
2015-07-01 00:10:00,1082.25,1835.94
2015-07-01 00:11:00,10847.1,1900.52
2015-07-01 00:12:00,10806.8,2035.69
2015-07-01 00:13:00,10769.6,2025.29
2015-07-01 00:14:00,10782.0,1883.88
2015-07-01 00:15:00,10771.7,1936.91
2015-07-01 00:16:00,10789.8,8293.1
2015-07-01 00:17:00,10803.2,8284.83
2015-07-01 00:18:00,11058.4,8686.5
2015-07-01 00:19:00,11056.3,8552.3
2015-07-01 00:20:00,1202.32,2169.68
2015-07-01 00:21:00,1192.92,2245.57
2015-07-01 00:22:00,1235.73,2548.01
2015-07-01 00:23:00,1264.96,2476.3
2015-07-01 00:24:00,1307.76,2633.22
2015-07-01 00:25:00,1264.96,2349.51
2015-07-01 00:26:00,1292.05,12316.1
2015-07-01 00:27:00,1262.82,12100.1
2015-07-01 00:28:00,1269.09,12281.1
2015-07-01 00:29:00,1264.91,12105.3
2015-07-01 00:30:00,1289.96,12312.0
2015-07-01 00:31:00,1260.74,11959.2
2015-07-01 00:32:00,1275.32,18516.7
2015-07-01 00:33:00,1288.89,18486.0
2015-07-01 00:34:00,1711.62,8997.38
2015-07-01 00:35:00,1771.1,9106.77
2015-07-01 00:36:00,1764.88,2595.82
2015-07-01 00:37:00,1562.41,8152.7
2015-07-01 00:38:00,1520.67,8137.5
2015-07-01 00:39:00,1386.05,2076.12
2015-07-01 00:40:00,1397.53,2038.7
2015-07-01 00:41:00,1405.88,2231.02
2015-07-01 00:42:00,1417.36,2081.32
2015-07-01 00:43:00,1391.26,2201.91
2015-07-01 00:44:00,1338.03,1955.52
2015-07-01 00:45:00,1208.58,1939.92
2015-07-01 00:46:00,1140.72,1623.78
2015-07-01 00:47:00,1090.61,1657.06
2015-07-01 00:48:00,1215.86,8384.16
2015-07-01 00:49:00,1476.82,8397.61
2015-07-01 00:50:00,1475.77,8410.01
2015-07-01 00:51:00,1450.73,8269.58
2015-07-01 00:52:00,1373.49,8370.77
2015-07-01 00:53:00,1308.8,1495.84
2015-07-01 00:54:00,1308.8,1598.82
2015-07-01 00:55:00,1288.97,1625.86
2015-07-01 00:56:00,1308.8,1557.22
2015-07-01 00:57:00,1288.97,1591.54
2015-07-01 00:58:00,1264.96,1335.64
2015-07-01 00:59:00,1202.32,1257.61
2015-07-01 01:00:00,1143.86,1065.11
2015-07-01 01:01:00,1161.6,1121.3
2015-07-01 01:02:00,11226.4,1543.79
2015-07-01 01:03:00,11269.1,11238.4
2015-07-01 01:04:00,11298.0,11453.5
2015-07-01 01:05:00,11287.2,17852.0
2015-07-01 01:06:00,11173.6,18105.5
2015-07-01 01:07:00,11143.6,17940.0
2015-07-01 01:08:00,11150.8,18094.3
2015-07-01 01:09:00,11145.1,11721.7
2015-07-01 01:10:00,1270.13,12071.2
2015-07-01 01:11:00,1280.6,7985.24
2015-07-01 01:12:00,1280.6,7932.68
2015-07-01 01:13:00,1260.78,2046.75
2015-07-01 01:14:00,1266.0,1841.9
2015-07-01 01:15:00,1128.19,1894.94
2015-07-01 01:16:00,1298.36,1999.96
2015-07-01 01:17:00,7033.41,2138.32
2015-07-01 01:18:00,7027.55,1986.52
2015-07-01 01:19:00,1270.16,7037.58
2015-07-01 01:20:00,1139.66,6713.21
2015-07-01 01:21:00,937.091,8268.81
2015-07-01 01:22:00,905.765,7691.06
2015-07-01 01:23:00,886.968,7872.9
2015-07-01 01:24:00,783.579,7720.0
2015-07-01 01:25:00,794.032,6128.79
2015-07-01 01:26:00,835.806,6435.89
2015-07-01 01:27:00,850.437,1350.2
2015-07-01 01:28:00,841.038,1509.36
2015-07-01 01:29:00,875.501,1394.94
2015-07-01 01:30:00,1009.16,1815.14
2015-07-01 01:31:00,984.104,1820.34
2015-07-01 01:32:00,984.104,1803.7
2015-07-01 01:33:00,979.927,1791.22
2015-07-01 01:34:00,950.689,1744.42
2015-07-01 01:35:00,966.352,2191.51
2015-07-01 01:36:00,959.042,2013.74
2015-07-01 01:37:00,992.399,18308.6
2015-07-01 01:38:00,1071.75,18431.2
2015-07-01 01:39:00,1192.85,18402.4
2015-07-01 01:40:00,1244.0,18918.1
2015-07-01 01:41:00,1308.72,22922.8
2015-07-01 01:42:00,1351.52,23131.9
2015-07-01 01:43:00,1421.46,18294.7
2015-07-01 01:44:00,1526.89,12821.5
2015-07-01 01:45:00,1507.06,12699.2
2015-07-01 01:46:00,11369.7,2569.99
2015-07-01 01:47:00,11322.0,7555.12
2015-07-01 01:48:00,11228.0,7208.09
2015-07-01 01:49:00,11226.2,2452.55
2015-07-01 01:50:00,11211.7,2354.85
2015-07-01 01:51:00,11216.9,2442.16
2015-07-01 01:52:00,11202.0,8867.15
2015-07-01 01:53:00,11222.9,18539.3
2015-07-01 01:54:00,11233.3,18527.0
2015-07-01 01:55:00,1359.87,18413.7
2015-07-01 01:56:00,1354.64,23306.4
2015-07-01 01:57:00,1473.65,16887.3
2015-07-01 01:58:00,1497.67,12546.1
2015-07-01 01:59:00,1734.55,12465.0
2015-07-01 02:00:00,1712.64,12479.4
2015-07-01 02:01:00,1622.9,12291.2
2015-07-01 02:02:00,1497.73,2418.9
2015-07-01 02:03:00,1295.23,1957.33
2015-07-01 02:04:00,1243.04,1548.89
2015-07-01 02:05:00,1255.56,1669.54
2015-07-01 02:06:00,1241.99,1543.69
2015-07-01 02:07:00,1263.88,8158.04
2015-07-01 02:08:00,6919.17,8028.4
2015-07-01 02:09:00,6838.09,13854.2
2015-07-01 02:10:00,6796.5,28478.9
2015-07-01 02:11:00,1269.03,28903.8
2015-07-01 02:12:00,1284.73,16915.2
2015-07-01 02:13:00,1289.95,17082.1
2015-07-01 02:14:00,1283.7,12096.9
2015-07-01 02:15:00,1199.14,12036.9
2015-07-01 02:16:00,1110.4,11943.2
2015-07-01 02:17:00,1127.11,11854.8
2015-07-01 02:18:00,1110.4,11937.1
2015-07-01 02:19:00,1096.87,1817.7
2015-07-01 02:20:00,1131.33,1902.98
2015-07-01 02:21:00,1205.45,1463.31
2015-07-01 02:22:00,1114.59,8158.34
2015-07-01 02:23:00,1129.2,12894.6
2015-07-01 02:24:00,1109.36,12891.0
2015-07-01 02:25:00,1259.66,19745.2
2015-07-01 02:26:00,11141.8,14437.3
2015-07-01 02:27:00,11171.2,8148.55
2015-07-01 02:28:00,11142.3,7945.05
2015-07-01 02:29:00,17568.8,7922.86
2015-07-01 02:30:00,17506.3,7821.6
2015-07-01 02:31:00,17520.6,8106.73
2015-07-01 02:32:00,17328.8,8313.6
2015-07-01 02:33:00,17323.3,11679.3
2015-07-01 02:34:00,17299.7,11545.5
2015-07-01 02:35:00,7478.98,22018.4
2015-07-01 02:36:00,7458.24,21914.6
2015-07-01 02:37:00,7478.68,28451.6
2015-07-01 02:38:00,868.13,22476.5
2015-07-01 02:39:00,1045.65,18032.9
2015-07-01 02:40:00,1016.41,17883.8
2015-07-01 02:41:00,1001.76,27564.8
2015-07-01 02:42:00,854.525,30733.5
2015-07-01 02:43:00,742.812,20843.9
2015-07-01 02:44:00,738.635,20935.5
2015-07-01 02:45:00,783.542,21057.6
2015-07-01 02:46:00,788.764,21145.1
2015-07-01 02:47:00,810.694,21187.8
2015-07-01 02:48:00,791.896,21537.3
2015-07-01 02:49:00,6404.11,21503.1
2015-07-01 02:50:00,6384.67,16470.8
2015-07-01 02:51:00,6507.07,7122.93
2015-07-01 02:52:00,9807.72,13586.3
2015-07-01 02:53:00,16568.5,9018.71
2015-07-01 02:54:00,16508.8,8438.21
2015-07-01 02:55:00,7782.04,8620.17
2015-07-01 02:56:00,7783.41,2113.63
2015-07-01 02:57:00,7677.5,6968.97
2015-07-01 02:58:00,7676.47,6812.75
2015-07-01 02:59:00,7741.75,7816.9
2015-07-01 03:00:00,7773.89,7699.87
2015-07-01 03:01:00,7809.13,7876.82
2015-07-01 03:02:00,11086.7,2282.08
2015-07-01 03:03:00,11096.4,13655.3
2015-07-01 03:04:00,11084.0,13853.1
2015-07-01 03:05:00,11092.8,20640.6
2015-07-01 03:06:00,11099.8,22194.0
2015-07-01 03:07:00,11267.1,22822.8
2015-07-01 03:08:00,11249.5,22877.7
2015-07-01 03:09:00,11254.7,22769.9
2015-07-01 03:10:00,11254.0,32405.6
2015-07-01 03:11:00,11138.2,19275.6
2015-07-01 03:12:00,1223.13,19338.8
2015-07-01 03:13:00,1213.73,18956.2
2015-07-01 03:14:00,1447.49,28544.7
2015-07-01 03:15:00,16701.4,28409.2
2015-07-01 03:16:00,16676.0,33178.5
2015-07-01 03:17:00,16674.5,33070.3
2015-07-01 03:18:00,7998.46,37903.4
2015-07-01 03:19:00,8003.79,33046.5
2015-07-01 03:20:00,7781.36,25289.1
2015-07-01 03:21:00,7803.49,18552.3
2015-07-01 03:22:00,7740.66,33768.3
2015-07-01 03:23:00,7743.77,33624.6
2015-07-01 03:24:00,13241.1,24265.1
2015-07-01 03:25:00,6536.33,21368.7
2015-07-01 03:26:00,6544.12,21068.0
2015-07-01 03:27:00,1001.78,21193.9
2015-07-01 03:28:00,993.432,21022.9
2015-07-01 03:29:00,997.597,25835.3
2015-07-01 03:30:00,991.332,25833.0
2015-07-01 03:31:00,990.288,25713.7
2015-07-01 03:32:00,989.255,21231.5
2015-07-01 03:33:00,991.321,27616.4
2015-07-01 03:34:00,1047.71,24575.9
2015-07-01 03:35:00,1152.15,15185.0
2015-07-01 03:36:00,1143.8,15052.8
2015-07-01 03:37:00,11059.8,19936.1
2015-07-01 03:38:00,26197.2,19817.7
2015-07-01 03:39:00,26090.2,22911.0
2015-07-01 03:40:00,26081.0,18007.4
2015-07-01 03:41:00,17526.7,17937.2
2015-07-01 03:42:00,17514.0,22501.1
2015-07-01 03:43:00,17510.9,22297.7
2015-07-01 03:44:00,17517.0,23151.9
2015-07-01 03:45:00,17527.3,23188.1
2015-07-01 03:46:00,7518.55,16657.5
2015-07-01 03:47:00,7484.51,11168.0
2015-07-01 03:48:00,1011.19,17957.3
2015-07-01 03:49:00,1088.49,8285.06
2015-07-01 03:50:00,1108.33,8402.77
2015-07-01 03:51:00,1120.86,9008.01
2015-07-01 03:52:00,10903.0,18727.3
2015-07-01 03:53:00,10992.3,12359.2
2015-07-01 03:54:00,11008.6,16931.4
2015-07-01 03:55:00,10995.1,17066.6
2015-07-01 03:56:00,16464.3,21681.1
2015-07-01 03:57:00,16446.8,26661.8
2015-07-01 03:58:00,16441.3,21809.1
2015-07-01 03:59:00,10919.3,21498.5
2015-07-01 04:00:00,25904.8,21869.9
2015-07-01 04:01:00,25893.4,28231.6
2015-07-01 04:02:00,17578.8,18925.0
2015-07-01 04:03:00,17520.6,25403.2
2015-07-01 04:04:00,7696.09,25556.1
2015-07-01 04:05:00,7672.76,34813.1
2015-07-01 04:06:00,7541.9,40176.7
2015-07-01 04:07:00,7655.43,48210.1
2015-07-01 04:08:00,7786.39,36985.6
2015-07-01 04:09:00,17606.9,27520.6
2015-07-01 04:10:00,17606.1,22796.4
2015-07-01 04:11:00,11049.4,22469.3
2015-07-01 04:12:00,11055.1,28900.0
2015-07-01 04:13:00,11032.3,28320.9
2015-07-01 04:14:00,11048.8,28272.1
2015-07-01 04:15:00,11154.3,25391.3
2015-07-01 04:16:00,11271.3,37822.2
2015-07-01 04:17:00,11292.6,28396.7
2015-07-01 04:18:00,11365.4,15781.5
2015-07-01 04:19:00,1411.69,20414.9
2015-07-01 04:20:00,1361.58,7309.49
2015-07-01 04:21:00,1339.59,7258.23
2015-07-01 04:22:00,9987.66,2852.72
2015-07-01 04:23:00,16543.5,2717.45
2015-07-01 04:24:00,16576.9,2877.63
2015-07-01 04:25:00,7935.67,2602.0
2015-07-01 04:26:00,7958.44,2765.02
2015-07-01 04:27:00,7936.65,2674.5
2015-07-01 04:28:00,8175.83,8270.02
2015-07-01 04:29:00,13788.7,14564.9
2015-07-01 04:30:00,13790.8,14680.3
2015-07-01 04:31:00,23565.8,18829.9
2015-07-01 04:32:00,18122.4,23677.6
2015-07-01 04:33:00,11425.3,32993.6
2015-07-01 04:34:00,11335.8,26508.4
2015-07-01 04:35:00,11286.0,28165.6
2015-07-01 04:36:00,11217.9,42117.7
2015-07-01 04:37:00,11157.9,42094.4
2015-07-01 04:38:00,11029.0,37324.6
2015-07-01 04:39:00,10902.9,37141.6
2015-07-01 04:40:00,20736.8,38361.1
2015-07-01 04:41:00,20732.0,35368.0
2015-07-01 04:42:00,20752.3,35261.4
2015-07-01 04:43:00,11095.6,34146.5
2015-07-01 04:44:00,11063.6,34238.2
2015-07-01 04:45:00,29431.6,36633.3
2015-07-01 04:46:00,35925.1,27043.9
2015-07-01 04:47:00,35768.2,26684.3
2015-07-01 04:48:00,27247.5,14366.1
2015-07-01 04:49:00,17443.3,23855.6
2015-07-01 04:50:00,17461.7,23987.2
2015-07-01 04:51:00,17449.3,23976.8
2015-07-01 04:52:00,17469.4,29458.9
2015-07-01 04:53:00,17463.1,29409.0
2015-07-01 04:54:00,7643.68,24275.2
2015-07-01 04:55:00,7687.15,24515.9
2015-07-01 04:56:00,1251.31,22819.0
2015-07-01 04:57:00,8057.5,16841.2
2015-07-01 04:58:00,8072.65,23353.9
2015-07-01 04:59:00,7755.9,13380.4
2015-07-01 05:00:00,7718.51,13352.2
2015-07-01 05:01:00,7699.11,8240.34
2015-07-01 05:02:00,7713.75,8192.52
2015-07-01 05:03:00,7730.16,1794.98
2015-07-01 05:04:00,7750.13,9730.65
2015-07-01 05:05:00,7746.55,9941.8
2015-07-01 05:06:00,7644.78,1788.46
2015-07-01 05:07:00,1080.11,11839.5
2015-07-01 05:08:00,6646.04,11912.2
2015-07-01 05:09:00,21866.4,11706.6
2015-07-01 05:10:00,16343.7,21972.5
2015-07-01 05:11:00,16254.8,32869.8
2015-07-01 05:12:00,7495.86,39342.7
2015-07-01 05:13:00,17306.2,39347.7
2015-07-01 05:14:00,17316.6,44097.3
2015-07-01 05:15:00,17303.0,43880.4
2015-07-01 05:16:00,17308.6,27884.1
2015-07-01 05:17:00,17180.5,26354.8
2015-07-01 05:18:00,17461.3,26827.1
2015-07-01 05:19:00,11963.6,41681.5
2015-07-01 05:20:00,11658.3,35426.1
2015-07-01 05:21:00,10938.1,21436.4
2015-07-01 05:22:00,20747.9,11490.0
2015-07-01 05:23:00,21218.9,2626.81
2015-07-01 05:24:00,21222.6,2634.55
2015-07-01 05:25:00,20788.1,6377.22
2015-07-01 05:26:00,20656.2,6146.26
2015-07-01 05:27:00,20628.6,12797.9
2015-07-01 05:28:00,20607.4,8029.42
2015-07-01 05:29:00,20603.2,8073.24
2015-07-01 05:30:00,20588.8,7946.75
2015-07-01 05:31:00,10755.0,7949.59
2015-07-01 05:32:00,11109.6,16130.0
2015-07-01 05:33:00,1700.58,16333.8
2015-07-01 05:34:00,8196.57,8456.59
2015-07-01 05:35:00,8412.79,8867.72
2015-07-01 05:36:00,8403.22,8845.71
2015-07-01 05:37:00,8422.66,9005.2
2015-07-01 05:38:00,8396.54,8875.01
2015-07-01 05:39:00,17025.3,13712.3
2015-07-01 05:40:00,17506.7,8098.47
2015-07-01 05:41:00,8998.65,7962.38
2015-07-01 05:42:00,8227.72,11849.1
2015-07-01 05:43:00,1428.39,17881.4
2015-07-01 05:44:00,1228.93,17700.4
2015-07-01 05:45:00,1362.35,18115.7
2015-07-01 05:46:00,1349.68,18098.1
2015-07-01 05:47:00,1631.22,21600.8
2015-07-01 05:48:00,1669.68,21620.8
2015-07-01 05:49:00,1762.36,26497.0
2015-07-01 05:50:00,1504.58,26348.7
2015-07-01 05:51:00,1577.55,16961.7
2015-07-01 05:52:00,1305.11,16889.0
2015-07-01 05:53:00,983.561,16476.6
2015-07-01 05:54:00,1033.56,15761.6
2015-07-01 05:55:00,999.016,15380.8
2015-07-01 05:56:00,728.583,4924.53
2015-07-01 05:57:00,800.505,9713.68
2015-07-01 05:58:00,625.011,11005.6
2015-07-01 05:59:00,765.848,20237.2
2015-07-01 06:00:00,7237.19,20108.3
2015-07-01 06:01:00,7327.06,19219.6
2015-07-01 06:02:00,7312.21,19688.2
2015-07-01 06:03:00,14120.8,19270.8
2015-07-01 06:04:00,13962.5,12448.1
2015-07-01 06:05:00,14101.1,10516.9
2015-07-01 06:06:00,14020.5,9616.87
2015-07-01 06:07:00,13761.9,9385.33
2015-07-01 06:08:00,7348.61,-261.701
2015-07-01 06:09:00,7192.87,-927.377
2015-07-01 06:10:00,7293.02,4116.72
2015-07-01 06:11:00,10309.1,3814.08
2015-07-01 06:12:00,10462.7,4027.67
2015-07-01 06:13:00,10208.6,-1050.82
2015-07-01 06:14:00,10270.5,-975.806
2015-07-01 06:15:00,10177.2,-995.816
2015-07-01 06:16:00,10535.4,-415.964
2015-07-01 06:17:00,10385.9,5874.0
2015-07-01 06:18:00,10429.0,5836.34
2015-07-01 06:19:00,10501.1,5848.27
2015-07-01 06:20:00,10134.2,5486.58
2015-07-01 06:21:00,396.603,5556.64
2015-07-01 06:22:00,280.685,-1023.12
2015-07-01 06:23:00,435.16,-703.924
2015-07-01 06:24:00,240.943,-1086.08
2015-07-01 06:25:00,427.806,-442.921
2015-07-01 06:26:00,516.531,-706.428
2015-07-01 06:27:00,390.23,-722.677
2015-07-01 06:28:00,547.869,-749.257
2015-07-01 06:29:00,1186.47,624.404
2015-07-01 06:30:00,664.814,3831.52
2015-07-01 06:31:00,519.799,3776.91
2015-07-01 06:32:00,759.908,-932.782
2015-07-01 06:33:00,7019.58,-1326.71
2015-07-01 06:34:00,16867.6,-1456.73
2015-07-01 06:35:00,16583.6,-1801.96
2015-07-01 06:36:00,16682.9,-1802.12
2015-07-01 06:37:00,16740.2,-1699.37
2015-07-01 06:38:00,16611.0,-2008.08
2015-07-01 06:39:00,16534.0,-2104.75
2015-07-01 06:40:00,10159.0,4671.66
2015-07-01 06:41:00,10184.9,4586.72
2015-07-01 06:42:00,10343.9,4754.58
2015-07-01 06:43:00,662.184,4707.04
2015-07-01 06:44:00,885.674,461.593
2015-07-01 06:45:00,729.404,-1740.59
2015-07-01 06:46:00,885.061,-1994.74
2015-07-01 06:47:00,2048.74,-49.9663
2015-07-01 06:48:00,3825.99,2324.47
2015-07-01 06:49:00,3655.6,2002.92
2015-07-01 06:50:00,3270.84,1472.33
2015-07-01 06:51:00,2599.64,655.775
2015-07-01 06:52:00,2747.75,774.205
2015-07-01 06:53:00,1564.62,-1213.18
2015-07-01 06:54:00,894.496,-2413.42
2015-07-01 06:55:00,766.521,-2559.13
2015-07-01 06:56:00,1085.95,2350.24
2015-07-01 06:57:00,1178.05,2467.05
2015-07-01 06:58:00,1660.0,-1228.55
2015-07-01 06:59:00,1029.67,-2351.41
2015-07-01 07:00:00,2143.1,-1268.32
2015-07-01 07:01:00,2596.32,-888.967
2015-07-01 07:02:00,1586.0,-2101.56
2015-07-01 07:03:00,1351.58,-2237.6
2015-07-01 07:04:00,778.224,-3283.17
2015-07-01 07:05:00,732.442,-3384.04
2015-07-01 07:06:00,726.301,-3261.57
2015-07-01 07:07:00,689.922,-3537.89
2015-07-01 07:08:00,1246.85,-2546.44
2015-07-01 07:09:00,599.454,-3670.83
2015-07-01 07:10:00,614.206,-3594.95
2015-07-01 07:11:00,752.032,-3433.89
2015-07-01 07:12:00,662.506,-3591.62
2015-07-01 07:13:00,1146.49,-2927.05
2015-07-01 07:14:00,540.83,-3936.09
2015-07-01 07:15:00,229.107,-4708.94
2015-07-01 07:16:00,10.1849,-4985.16
2015-07-01 07:17:00,139.789,-4795.61
2015-07-01 07:18:00,-3.99163,-5133.09
2015-07-01 07:19:00,345.762,-4679.46
2015-07-01 07:20:00,6.90913,-5150.92
2015-07-01 07:21:00,-63.807,-5031.92
2015-07-01 07:22:00,223.387,-4950.33
2015-07-01 07:23:00,-87.2931,-4975.76
2015-07-01 07:24:00,145.666,-4901.39
2015-07-01 07:25:00,47.8656,-4884.15
2015-07-01 07:26:00,175.437,-4316.31
2015-07-01 07:27:00,-109.12,-4520.26
2015-07-01 07:28:00,-189.205,2230.32
2015-07-01 07:29:00,-315.17,1191.86
2015-07-01 07:30:00,-293.974,1375.05
2015-07-01 07:31:00,-173.629,1307.5
2015-07-01 07:32:00,-236.915,-5163.58
2015-07-01 07:33:00,-201.085,-5275.93
2015-07-01 07:34:00,-208.035,-5196.02
2015-07-01 07:35:00,-69.9294,-5264.66
2015-07-01 07:36:00,-74.775,-5296.9
2015-07-01 07:37:00,16.3771,-5251.17
2015-07-01 07:38:00,174.291,-5014.29
2015-07-01 07:39:00,194.504,-4837.68
2015-07-01 07:40:00,192.821,-4762.82
2015-07-01 07:41:00,203.663,-4761.66
2015-07-01 07:42:00,115.42,-4803.02
2015-07-01 07:43:00,301.513,-4891.07
2015-07-01 07:44:00,227.898,-4884.6
2015-07-01 07:45:00,-92.9501,-5006.84
2015-07-01 07:46:00,-79.971,-4963.95
2015-07-01 07:47:00,-119.149,-5018.62
2015-07-01 07:48:00,-147.885,-4787.78
2015-07-01 07:49:00,-133.834,-5065.55
2015-07-01 07:50:00,492.46,-4664.43
2015-07-01 07:51:00,782.78,-4608.94
2015-07-01 07:52:00,831.232,-4602.18
2015-07-01 07:53:00,742.101,-4577.77
2015-07-01 07:54:00,728.031,-4831.37
2015-07-01 07:55:00,699.376,-4693.76
2015-07-01 07:56:00,599.842,-5035.5
2015-07-01 07:57:00,520.118,-5010.9
2015-07-01 07:58:00,510.256,-5224.95
2015-07-01 07:59:00,318.979,-5355.94
2015-07-01 08:00:00,-441.917,-6106.81
2015-07-01 08:01:00,-533.058,-6303.1
2015-07-01 08:02:00,-565.765,-6308.26
2015-07-01 08:03:00,-476.367,-6216.81
2015-07-01 08:04:00,-452.709,-6006.94
2015-07-01 08:05:00,-329.921,-6233.24
2015-07-01 08:06:00,1355.48,-5917.4
2015-07-01 08:07:00,596.545,-6109.36
2015-07-01 08:08:00,-318.374,-6055.19
2015-07-01 08:09:00,-286.344,-5911.7
2015-07-01 08:10:00,-357.594,-6133.66
2015-07-01 08:11:00,-447.624,-6194.67
2015-07-01 08:12:00,-460.436,-6222.41
2015-07-01 08:13:00,-662.121,-6277.13
2015-07-01 08:14:00,-693.707,-6253.94
2015-07-01 08:15:00,-702.326,-6344.94
2015-07-01 08:16:00,-686.934,-6273.92
2015-07-01 08:17:00,-691.364,-6407.44
2015-07-01 08:18:00,-695.788,-6336.36
2015-07-01 08:19:00,-720.034,-6513.44
2015-07-01 08:20:00,-591.911,-6212.85
2015-07-01 08:21:00,-606.75,-6378.42
2015-07-01 08:22:00,-622.626,-6284.4
2015-07-01 08:23:00,-643.712,-6462.37
2015-07-01 08:24:00,-716.97,-6591.53
2015-07-01 08:25:00,-777.702,-6572.17
2015-07-01 08:26:00,-755.982,-5875.0
2015-07-01 08:27:00,-789.566,-5693.77
2015-07-01 08:28:00,-803.312,-6547.15
2015-07-01 08:29:00,-823.315,-6484.08
2015-07-01 08:30:00,-815.131,-6763.59
2015-07-01 08:31:00,-1092.94,-7046.25
2015-07-01 08:32:00,-1156.77,-7367.37
2015-07-01 08:33:00,-1225.82,-7585.67
2015-07-01 08:34:00,-383.752,-6884.61
2015-07-01 08:35:00,-153.367,-6495.37
2015-07-01 08:36:00,-148.28,-6683.3
2015-07-01 08:37:00,-170.302,-6658.4
2015-07-01 08:38:00,-272.631,-6781.92
2015-07-01 08:39:00,-350.967,-7263.67
2015-07-01 08:40:00,-333.332,-7096.38
2015-07-01 08:41:00,-350.111,-7291.49
2015-07-01 08:42:00,-341.85,-7149.07
2015-07-01 08:43:00,-365.917,-7158.23
2015-07-01 08:44:00,-350.339,-6902.62
2015-07-01 08:45:00,-378.563,-7030.07
2015-07-01 08:46:00,-357.753,-7444.1
2015-07-01 08:47:00,-251.411,-7318.13
2015-07-01 08:48:00,-11.5949,-7169.31
2015-07-01 08:49:00,749.282,-6991.42
2015-07-01 08:50:00,282.351,-7085.49
2015-07-01 08:51:00,280.245,-6940.78
2015-07-01 08:52:00,157.222,-7294.3
2015-07-01 08:53:00,95.7062,-7243.98
2015-07-01 08:54:00,99.8808,-7389.83
2015-07-01 08:55:00,82.1678,-7285.45
2015-07-01 08:56:00,97.825,-7168.6
2015-07-01 08:57:00,66.574,-7062.11
2015-07-01 08:58:00,87.4601,-7092.59
2015-07-01 08:59:00,-792.778,-7805.14
2015-07-01 09:00:00,-780.201,-7808.56
2015-07-01 09:01:00,-798.054,-7610.73
2015-07-01 09:02:00,-600.966,-7336.06
2015-07-01 09:03:00,227.964,-6359.15
2015-07-01 09:04:00,232.042,-6490.23
2015-07-01 09:05:00,-650.262,-7414.04
2015-07-01 09:06:00,-803.708,-7480.82
2015-07-01 09:07:00,-835.08,-7742.75
2015-07-01 09:08:00,-832.014,-7621.57
2015-07-01 09:09:00,-980.248,-7901.13
2015-07-01 09:10:00,-1059.61,-7974.06
2015-07-01 09:11:00,-1074.27,-8052.16
2015-07-01 09:12:00,-1068.05,-8041.96
2015-07-01 09:13:00,-1171.41,-8271.65
2015-07-01 09:14:00,-1197.53,-8079.65
2015-07-01 09:15:00,-579.835,-7674.84
2015-07-01 09:16:00,-543.346,-7389.51
2015-07-01 09:17:00,-549.618,-7545.26
2015-07-01 09:18:00,-537.109,-7329.46
2015-07-01 09:19:00,-576.749,-7569.21
2015-07-01 09:20:00,-875.118,-7625.26
2015-07-01 09:21:00,-947.104,-7859.83
2015-07-01 09:22:00,-935.609,-7882.61
2015-07-01 09:23:00,-949.15,-8136.9
2015-07-01 09:24:00,-949.122,-8015.32
2015-07-01 09:25:00,-1075.35,-8155.35
2015-07-01 09:26:00,-996.004,-7944.44
2015-07-01 09:27:00,-971.957,-8082.34
2015-07-01 09:28:00,-1240.11,-8167.27
2015-07-01 09:29:00,-1114.81,-8134.85
2015-07-01 09:30:00,-662.966,-7534.68
2015-07-01 09:31:00,-750.525,-7733.65
2015-07-01 09:32:00,-760.883,-7699.11
2015-07-01 09:33:00,-796.273,-7915.7
2015-07-01 09:34:00,2965.1,-8174.81
2015-07-01 09:35:00,2950.62,-8078.93
2015-07-01 09:36:00,2948.64,-8247.74
2015-07-01 09:37:00,2931.0,-3901.51
2015-07-01 09:38:00,2931.12,-3955.8
2015-07-01 09:39:00,-965.744,-4027.79
2015-07-01 09:40:00,-969.795,-4100.7
2015-07-01 09:41:00,-1261.84,-8485.23
2015-07-01 09:42:00,-1350.43,-8762.98
2015-07-01 09:43:00,-1259.48,-8307.59
2015-07-01 09:44:00,-1221.76,-8459.61
2015-07-01 09:45:00,-1309.28,-8543.08
2015-07-01 09:46:00,-1350.87,-8603.69
2015-07-01 09:47:00,-1458.22,-8911.44
2015-07-01 09:48:00,-1662.66,-9022.91
2015-07-01 09:49:00,-1693.81,-9276.68
2015-07-01 09:50:00,-1691.53,-9146.06
2015-07-01 09:51:00,-1765.48,-9666.87
2015-07-01 09:52:00,2155.51,-5280.11
2015-07-01 09:53:00,2160.91,-5301.92
2015-07-01 09:54:00,2164.24,-5333.03
2015-07-01 09:55:00,2157.13,-5365.17
2015-07-01 09:56:00,2163.62,-9688.47
2015-07-01 09:57:00,-1596.12,-9461.02
2015-07-01 09:58:00,-1634.52,-9483.95
2015-07-01 09:59:00,-1635.33,-9476.73
2015-07-01 10:00:00,-1305.24,-9155.78
2015-07-01 10:01:00,-1373.35,-9433.74
2015-07-01 10:02:00,-1452.11,-9445.65
2015-07-01 10:03:00,-1455.73,-4241.0
2015-07-01 10:04:00,2087.01,-1664.21
2015-07-01 10:05:00,2154.09,-1275.42
2015-07-01 10:06:00,2187.81,-1310.64
2015-07-01 10:07:00,-1283.33,3179.18
2015-07-01 10:08:00,-1279.59,-4612.32
2015-07-01 10:09:00,2636.77,-4708.33
2015-07-01 10:10:00,2704.87,-4552.4
2015-07-01 10:11:00,2801.13,-8782.56
2015-07-01 10:12:00,2782.72,-8768.37
2015-07-01 10:13:00,-1149.3,-8801.96
2015-07-01 10:14:00,-1232.18,-8931.02
2015-07-01 10:15:00,-1312.97,-9128.6
2015-07-01 10:16:00,-1309.24,-8847.52
2015-07-01 10:17:00,-1280.45,-9074.13
2015-07-01 10:18:00,-1274.61,-8943.57
2015-07-01 10:19:00,-1256.26,-9015.46
2015-07-01 10:20:00,2257.8,-8863.04
2015-07-01 10:21:00,2260.26,-4606.55
2015-07-01 10:22:00,2248.13,-1960.65
2015-07-01 10:23:00,-1276.75,3139.37
2015-07-01 10:24:00,-857.773,8033.29
2015-07-01 10:25:00,-710.054,3766.26
2015-07-01 10:26:00,3325.49,1343.38
2015-07-01 10:27:00,3197.81,-4157.43
2015-07-01 10:28:00,3075.3,-8611.29
2015-07-01 10:29:00,3020.47,-8643.61
2015-07-01 10:30:00,-922.713,-8453.9
2015-07-01 10:31:00,-915.806,-8492.42
2015-07-01 10:32:00,-934.976,-8521.58
2015-07-01 10:33:00,-925.994,-4771.37
2015-07-01 10:34:00,-839.815,-2053.03
2015-07-01 10:35:00,2703.87,2137.55
2015-07-01 10:36:00,2514.65,2112.93
2015-07-01 10:37:00,2489.08,-4436.19
2015-07-01 10:38:00,2661.47,-4130.82
2015-07-01 10:39:00,-1395.73,-6455.87
2015-07-01 10:40:00,-1415.03,-6409.23
2015-07-01 10:41:00,-1401.79,-6495.33
2015-07-01 10:42:00,-1553.47,2702.31
2015-07-01 10:43:00,2584.21,5226.33
2015-07-01 10:44:00,2600.32,5116.97
2015-07-01 10:45:00,2645.61,5176.16
2015-07-01 10:46:00,2669.09,-4566.87
2015-07-01 10:47:00,2694.61,-9076.89
2015-07-01 10:48:00,-1251.66,-9279.15
2015-07-01 10:49:00,-1240.5,-9086.89
2015-07-01 10:50:00,-1259.61,-4987.58
2015-07-01 10:51:00,2400.91,-837.662
2015-07-01 10:52:00,2433.71,1890.32
2015-07-01 10:53:00,2455.06,1731.51
2015-07-01 10:54:00,2430.58,-2439.31
2015-07-01 10:55:00,-1211.07,-9191.4
2015-07-01 10:56:00,-1283.39,-6775.91
2015-07-01 10:57:00,-1275.35,-6604.7
2015-07-01 10:58:00,-1313.23,-6852.57
2015-07-01 10:59:00,-1268.67,-6646.08
2015-07-01 11:00:00,2592.42,-5065.84
2015-07-01 11:01:00,2606.65,142.916
2015-07-01 11:02:00,2586.53,78.354
2015-07-01 11:03:00,2626.82,4688.69
2015-07-01 11:04:00,5479.98,4560.0
2015-07-01 11:05:00,1872.72,9129.02
2015-07-01 11:06:00,1802.59,3720.52
2015-07-01 11:07:00,5344.82,-1518.61
2015-07-01 11:08:00,2305.05,-9718.11
2015-07-01 11:09:00,2124.35,-3634.02
2015-07-01 11:10:00,-1464.04,-3810.72
2015-07-01 11:11:00,-1444.42,-3868.08
2015-07-01 11:12:00,-1241.14,-6458.3
2015-07-01 11:13:00,-1231.95,-10393.8
2015-07-01 11:14:00,-1265.57,-7860.6
2015-07-01 11:15:00,-1252.22,-7638.65
2015-07-01 11:16:00,-1269.16,-3469.82
2015-07-01 11:17:00,-1252.69,-3126.02
2015-07-01 11:18:00,2653.1,-1610.92
2015-07-01 11:19:00,2851.78,-1114.06
2015-07-01 11:20:00,2789.9,3802.43
2015-07-01 11:21:00,2806.24,-323.762
2015-07-01 11:22:00,2818.34,4333.35
2015-07-01 11:23:00,2351.01,-35.8539
2015-07-01 11:24:00,5388.57,109.67
2015-07-01 11:25:00,5436.06,-4963.74
2015-07-01 11:26:00,8450.48,-6957.17
2015-07-01 11:27:00,4853.24,-4577.11
2015-07-01 11:28:00,4792.32,-637.298
2015-07-01 11:29:00,1790.88,-3369.26
2015-07-01 11:30:00,-1214.24,-5826.16
2015-07-01 11:31:00,-1212.43,-7163.09
2015-07-01 11:32:00,-1183.51,-7178.15
2015-07-01 11:33:00,-1055.48,-6784.51
2015-07-01 11:34:00,-1048.5,-2703.54
2015-07-01 11:35:00,-1238.68,-737.394
2015-07-01 11:36:00,2612.65,-637.683
2015-07-01 11:37:00,2512.15,-807.331
2015-07-01 11:38:00,2512.75,-741.907
2015-07-01 11:39:00,2514.41,-5110.84
2015-07-01 11:40:00,5970.68,3081.48
2015-07-01 11:41:00,1995.56,2903.32
2015-07-01 11:42:00,1981.55,3442.54
2015-07-01 11:43:00,-1543.94,3223.99
2015-07-01 11:44:00,3001.57,2929.07
2015-07-01 11:45:00,2958.35,-2275.04
2015-07-01 11:46:00,3088.11,-178.119
2015-07-01 11:47:00,3116.79,-2544.81
2015-07-01 11:48:00,1407.5,-2652.58
2015-07-01 11:49:00,1410.12,1611.31
2015-07-01 11:50:00,1397.13,-2543.22
2015-07-01 11:51:00,4387.4,-2601.22
2015-07-01 11:52:00,1370.08,-2550.68
2015-07-01 11:53:00,1378.98,-6589.28
2015-07-01 11:54:00,5289.98,-2307.24
2015-07-01 11:55:00,5225.8,-2243.24
2015-07-01 11:56:00,5616.16,-2628.87
2015-07-01 11:57:00,5610.36,-9807.31
2015-07-01 11:58:00,5594.07,-9819.78
2015-07-01 11:59:00,1685.32,-9883.18
2015-07-01 12:00:00,-1621.67,-4293.94
2015-07-01 12:01:00,-913.853,3565.41
2015-07-01 12:02:00,-522.408,12378.5
2015-07-01 12:03:00,-411.46,12835.3
2015-07-01 12:04:00,-624.74,12182.1
2015-07-01 12:05:00,-665.989,8142.61
2015-07-01 12:06:00,-664.518,9457.12
2015-07-01 12:07:00,-1246.08,8988.53
2015-07-01 12:08:00,-1427.18,3050.32
2015-07-01 12:09:00,-1034.44,-4791.06
2015-07-01 12:10:00,6435.22,-6128.61
2015-07-01 12:11:00,6433.09,-8647.53
2015-07-01 12:12:00,10398.0,-1365.67
2015-07-01 12:13:00,14228.2,8.9704
2015-07-01 12:14:00,11154.0,-987.974
2015-07-01 12:15:00,11473.7,672.092
2015-07-01 12:16:00,11159.7,-8298.96
2015-07-01 12:17:00,3685.63,-8260.36
2015-07-01 12:18:00,6580.22,-8548.14
2015-07-01 12:19:00,2034.41,-7986.0
2015-07-01 12:20:00,1945.91,6772.54
2015-07-01 12:21:00,1886.71,6229.85
2015-07-01 12:22:00,2135.98,11146.6
2015-07-01 12:23:00,-744.148,13596.2
2015-07-01 12:24:00,-1407.15,8400.84
2015-07-01 12:25:00,-1289.9,6292.12
2015-07-01 12:26:00,-1300.98,4228.39
2015-07-01 12:27:00,-1294.31,-548.695
2015-07-01 12:28:00,-839.118,-2693.54
2015-07-01 12:29:00,-1163.1,-9254.94
2015-07-01 12:30:00,2347.23,-1989.88
2015-07-01 12:31:00,6099.08,-2180.47
2015-07-01 12:32:00,9221.11,-1165.11
2015-07-01 12:33:00,5466.24,-2347.58
2015-07-01 12:34:00,5468.34,-9635.17
2015-07-01 12:35:00,10157.1,-5348.16
2015-07-01 12:36:00,3484.24,-4272.81
2015-07-01 12:37:00,3077.93,-5709.08
2015-07-01 12:38:00,3089.45,-3203.57
2015-07-01 12:39:00,-1626.77,-7386.32
2015-07-01 12:40:00,-1377.01,1908.25
2015-07-01 12:41:00,-1518.56,7658.7
2015-07-01 12:42:00,-1439.92,7740.47
2015-07-01 12:43:00,-1424.95,14271.8
2015-07-01 12:44:00,1887.95,12547.7
2015-07-01 12:45:00,6293.99,1245.61
2015-07-01 12:46:00,6231.43,122.887
2015-07-01 12:47:00,9704.13,250.466
2015-07-01 12:48:00,9961.64,5539.46
2015-07-01 12:49:00,5918.43,-2590.49
2015-07-01 12:50:00,2430.85,1750.63
2015-07-01 12:51:00,2412.25,-1250.46
2015-07-01 12:52:00,2501.02,-4035.13
2015-07-01 12:53:00,5218.29,-5355.81
2015-07-01 12:54:00,1334.31,-6553.71
2015-07-01 12:55:00,1445.07,-6460.23
2015-07-01 12:56:00,1724.65,-2257.02
2015-07-01 12:57:00,-1539.47,711.304
2015-07-01 12:58:00,-1522.36,-2415.62
2015-07-01 12:59:00,-1675.37,-5105.3
2015-07-01 13:00:00,3249.64,1090.3
2015-07-01 13:01:00,2987.32,11108.8
2015-07-01 13:02:00,3006.49,11159.0
2015-07-01 13:03:00,6484.12,7168.66
2015-07-01 13:04:00,2054.62,8454.91
2015-07-01 13:05:00,1793.45,-4938.24
2015-07-01 13:06:00,1816.76,2190.1
2015-07-01 13:07:00,2214.17,9244.58
2015-07-01 13:08:00,2486.65,10492.1
2015-07-01 13:09:00,2424.59,2845.46
2015-07-01 13:10:00,5390.92,-5912.9
2015-07-01 13:11:00,5468.45,-8304.19
2015-07-01 13:12:00,2691.11,4727.1
2015-07-01 13:13:00,3136.12,7127.78
2015-07-01 13:14:00,10058.9,3110.12
2015-07-01 13:15:00,6981.64,2366.07
2015-07-01 13:16:00,7266.21,-6638.54
2015-07-01 13:17:00,7033.66,-8041.99
2015-07-01 13:18:00,2371.11,-2874.07
2015-07-01 13:19:00,2835.44,5233.69
2015-07-01 13:20:00,3096.14,20532.5
2015-07-01 13:21:00,2836.25,19445.2
2015-07-01 13:22:00,3274.11,19213.4
2015-07-01 13:23:00,4965.05,15189.8
2015-07-01 13:24:00,5181.03,2148.38
2015-07-01 13:25:00,8867.36,3759.24
2015-07-01 13:26:00,8821.09,3456.57
2015-07-01 13:27:00,4034.75,3201.88
2015-07-01 13:28:00,4128.93,1152.65
2015-07-01 13:29:00,4253.25,1621.34
2015-07-01 13:30:00,257.173,4066.98
2015-07-01 13:31:00,282.684,3658.27
2015-07-01 13:32:00,387.337,7164.07
2015-07-01 13:33:00,986.637,6561.97
2015-07-01 13:34:00,194.602,6797.17
2015-07-01 13:35:00,8997.39,6247.05
2015-07-01 13:36:00,9153.86,6673.04
2015-07-01 13:37:00,9284.29,7609.19
2015-07-01 13:38:00,4781.53,9837.94
2015-07-01 13:39:00,1807.22,10865.5
2015-07-01 13:40:00,3465.12,13383.8
2015-07-01 13:41:00,7614.48,14903.1
2015-07-01 13:42:00,10885.8,7120.04
2015-07-01 13:43:00,11119.3,5627.87
2015-07-01 13:44:00,7473.68,-1076.18
2015-07-01 13:45:00,12377.5,99.4756
2015-07-01 13:46:00,12219.1,-1120.19
2015-07-01 13:47:00,4156.71,1657.77
2015-07-01 13:48:00,4386.25,7456.81
2015-07-01 13:49:00,-74.3615,12683.3
2015-07-01 13:50:00,3046.34,8121.36
2015-07-01 13:51:00,3548.81,5482.37
2015-07-01 13:52:00,3577.52,4370.79
2015-07-01 13:53:00,-132.382,2637.75
2015-07-01 13:54:00,1995.1,-1281.99
2015-07-01 13:55:00,2722.79,7164.8
2015-07-01 13:56:00,2908.71,12744.3
2015-07-01 13:57:00,3089.41,14854.7
2015-07-01 13:58:00,2897.43,14024.2
2015-07-01 13:59:00,6703.97,13489.2
2015-07-01 14:00:00,7115.43,9266.39
2015-07-01 14:01:00,7387.35,17349.9
2015-07-01 14:02:00,7516.97,15477.7
2015-07-01 14:03:00,7414.81,13634.8
2015-07-01 14:04:00,3888.01,13397.0
2015-07-01 14:05:00,8455.87,9608.54
2015-07-01 14:06:00,13450.0,13603.0
2015-07-01 14:07:00,13327.4,8512.16
2015-07-01 14:08:00,9787.22,10858.4
2015-07-01 14:09:00,5016.94,14878.0
2015-07-01 14:10:00,330.28,5741.07
2015-07-01 14:11:00,269.569,5518.54
2015-07-01 14:12:00,361.99,7271.09
2015-07-01 14:13:00,4401.75,8282.91
2015-07-01 14:14:00,7271.03,7697.27
2015-07-01 14:15:00,7324.72,17418.6
2015-07-01 14:16:00,11382.7,14022.2
2015-07-01 14:17:00,11403.2,16218.4
2015-07-01 14:18:00,4760.43,22767.9
2015-07-01 14:19:00,8004.23,17125.6
2015-07-01 14:20:00,7090.29,5168.76
2015-07-01 14:21:00,3022.53,3494.17
2015-07-01 14:22:00,5863.54,-92.1505
2015-07-01 14:23:00,1918.29,-1954.54
2015-07-01 14:24:00,5780.24,4663.38
2015-07-01 14:25:00,5817.54,2853.58
2015-07-01 14:26:00,10522.2,2760.52
2015-07-01 14:27:00,7559.18,3047.35
2015-07-01 14:28:00,7607.9,3179.35
2015-07-01 14:29:00,8942.77,3701.44
2015-07-01 14:30:00,8814.52,16006.7
2015-07-01 14:31:00,4129.23,15878.8
2015-07-01 14:32:00,11140.4,11868.2
2015-07-01 14:33:00,9970.64,22227.3
2015-07-01 14:34:00,10041.3,13345.7
2015-07-01 14:35:00,10009.1,4995.33
2015-07-01 14:36:00,9942.44,2614.5
2015-07-01 14:37:00,-488.384,-5349.58
2015-07-01 14:38:00,-680.384,-5268.95
2015-07-01 14:39:00,-812.963,-5686.78
2015-07-01 14:40:00,-842.316,-438.85
2015-07-01 14:41:00,-850.828,10172.5
2015-07-01 14:42:00,-856.175,14499.4
2015-07-01 14:43:00,3057.78,17572.4
2015-07-01 14:44:00,6048.03,20456.8
2015-07-01 14:45:00,6318.72,9800.41
2015-07-01 14:46:00,11189.1,10250.4
2015-07-01 14:47:00,14564.0,6866.53
2015-07-01 14:48:00,10758.5,-1146.85
2015-07-01 14:49:00,11538.6,3303.26
2015-07-01 14:50:00,11401.4,3745.1
2015-07-01 14:51:00,6196.22,3509.7
2015-07-01 14:52:00,10978.6,-1325.51
2015-07-01 14:53:00,11161.4,-761.848
2015-07-01 14:54:00,7104.8,3031.39
2015-07-01 14:55:00,4272.83,-1334.86
2015-07-01 14:56:00,-309.639,5559.84
2015-07-01 14:57:00,-558.862,8990.39
2015-07-01 14:58:00,-480.673,8572.2
2015-07-01 14:59:00,3391.07,12561.8
2015-07-01 15:00:00,4807.62,13189.4
2015-07-01 15:01:00,7707.26,17837.0
2015-07-01 15:02:00,7057.49,16941.0
2015-07-01 15:03:00,6823.97,10398.0
2015-07-01 15:04:00,6782.82,9291.72
2015-07-01 15:05:00,3614.27,7642.37
2015-07-01 15:06:00,12003.6,10819.1
2015-07-01 15:07:00,12045.6,13417.3
2015-07-01 15:08:00,11842.7,6928.28
2015-07-01 15:09:00,14862.3,7109.58
2015-07-01 15:10:00,6039.24,1612.84
2015-07-01 15:11:00,2959.37,8451.84
2015-07-01 15:12:00,6825.92,7119.48
2015-07-01 15:13:00,3606.42,6032.61
2015-07-01 15:14:00,7882.85,7618.42
2015-07-01 15:15:00,11418.6,3865.68
2015-07-01 15:16:00,11739.5,-1172.1
2015-07-01 15:17:00,8364.06,10334.5
2015-07-01 15:18:00,8085.98,12770.4
2015-07-01 15:19:00,-335.316,12681.7
2015-07-01 15:20:00,-353.51,15824.2
2015-07-01 15:21:00,3569.85,14134.3
2015-07-01 15:22:00,3520.55,6740.82
2015-07-01 15:23:00,3528.47,4994.33
2015-07-01 15:24:00,3557.23,3973.82
2015-07-01 15:25:00,8256.45,12059.8
2015-07-01 15:26:00,4477.54,16549.9
2015-07-01 15:27:00,7628.36,20721.6
2015-07-01 15:28:00,10866.5,21315.8
2015-07-01 15:29:00,14434.9,13739.6
2015-07-01 15:30:00,9746.48,13490.5
2015-07-01 15:31:00,9753.51,7518.19
2015-07-01 15:32:00,6612.51,7174.19
2015-07-01 15:33:00,161.487,7432.53
2015-07-01 15:34:00,-266.212,3322.17
2015-07-01 15:35:00,3329.24,6428.99
2015-07-01 15:36:00,2875.7,3892.53
2015-07-01 15:37:00,11472.4,3979.44
2015-07-01 15:38:00,11483.5,8237.71
2015-07-01 15:39:00,11486.5,-483.289
2015-07-01 15:40:00,7581.47,82.6525
2015-07-01 15:41:00,11611.7,4729.97
2015-07-01 15:42:00,3230.33,8626.06
2015-07-01 15:43:00,6685.88,12469.2
2015-07-01 15:44:00,6666.89,12735.3
2015-07-01 15:45:00,11298.7,16675.9
2015-07-01 15:46:00,10030.3,13823.1
2015-07-01 15:47:00,6465.31,2181.5
2015-07-01 15:48:00,6597.35,-401.819
2015-07-01 15:49:00,6813.68,-796.287
2015-07-01 15:50:00,-950.745,-4399.12
2015-07-01 15:51:00,2064.63,4818.76
2015-07-01 15:52:00,2157.22,2643.79
2015-07-01 15:53:00,2718.62,12278.6
2015-07-01 15:54:00,6485.51,15658.9
2015-07-01 15:55:00,6405.21,15204.8
2015-07-01 15:56:00,3278.21,2318.42
2015-07-01 15:57:00,6622.58,1683.24
2015-07-01 15:58:00,7243.6,10439.0
2015-07-01 15:59:00,3279.63,15648.4
2015-07-01 16:00:00,2691.85,21406.3
2015-07-01 16:01:00,3797.35,16534.5
2015-07-01 16:02:00,4229.06,14930.4
2015-07-01 16:03:00,4337.88,8016.96
2015-07-01 16:04:00,7002.36,-3469.63
2015-07-01 16:05:00,6782.02,-128.569
2015-07-01 16:06:00,6981.0,8348.7
2015-07-01 16:07:00,7318.47,7430.9
2015-07-01 16:08:00,7288.5,14999.4
2015-07-01 16:09:00,3933.54,11043.8
2015-07-01 16:10:00,3300.57,3999.09
2015-07-01 16:11:00,3867.03,6812.78
2015-07-01 16:12:00,15051.3,788.161
2015-07-01 16:13:00,14394.2,-2365.92
2015-07-01 16:14:00,17296.0,4057.46
2015-07-01 16:15:00,10373.0,1841.9
2015-07-01 16:16:00,10598.8,6932.47
2015-07-01 16:17:00,2505.0,5186.03
2015-07-01 16:18:00,2343.53,5447.58
2015-07-01 16:19:00,-329.031,8864.15
2015-07-01 16:20:00,-77.3566,8313.87
2015-07-01 16:21:00,-350.212,10214.5
2015-07-01 16:22:00,-584.502,3902.67
2015-07-01 16:23:00,-523.595,-2933.34
2015-07-01 16:24:00,2376.84,-3430.86
2015-07-01 16:25:00,2296.75,-3054.51
2015-07-01 16:26:00,6933.87,5879.08
2015-07-01 16:27:00,15032.9,8328.03
2015-07-01 16:28:00,15765.1,8270.03
2015-07-01 16:29:00,15585.0,8124.13
2015-07-01 16:30:00,15552.8,-7039.62
2015-07-01 16:31:00,2832.08,6562.23
2015-07-01 16:32:00,2831.9,9454.35
2015-07-01 16:33:00,-1000.72,17953.8
2015-07-01 16:34:00,-998.225,22528.3
2015-07-01 16:35:00,-994.641,11619.3
2015-07-01 16:36:00,-988.981,6069.5
2015-07-01 16:37:00,-669.253,10200.3
2015-07-01 16:38:00,497.037,3597.72
2015-07-01 16:39:00,1958.56,911.009
2015-07-01 16:40:00,1956.71,-1530.39
2015-07-01 16:41:00,1949.67,-6689.82
2015-07-01 16:42:00,1827.88,-7091.44
2015-07-01 16:43:00,5262.77,-7068.43
2015-07-01 16:44:00,2316.02,-2642.37
2015-07-01 16:45:00,5966.7,1845.38
2015-07-01 16:46:00,7388.19,6300.08
2015-07-01 16:47:00,5728.74,3117.42
2015-07-01 16:48:00,5829.53,-282.917
2015-07-01 16:49:00,2890.19,3614.28
2015-07-01 16:50:00,7476.98,7856.29
2015-07-01 16:51:00,7603.95,7930.03
2015-07-01 16:52:00,7627.93,3960.18
2015-07-01 16:53:00,7652.94,1499.03
2015-07-01 16:54:00,7785.17,-2404.55
2015-07-01 16:55:00,7764.2,16.4362
2015-07-01 16:56:00,3951.33,-16.2222
2015-07-01 16:57:00,3914.4,987.6
2015-07-01 16:58:00,3873.31,699.788
2015-07-01 16:59:00,7849.16,1310.27
2015-07-01 17:00:00,3358.56,4060.94
2015-07-01 17:01:00,2777.77,-791.883
2015-07-01 17:02:00,2832.68,-852.108
2015-07-01 17:03:00,-231.375,4725.52
2015-07-01 17:04:00,1481.07,9993.08
2015-07-01 17:05:00,4208.75,10462.9
2015-07-01 17:06:00,3584.28,13125.0
2015-07-01 17:07:00,7422.96,7411.38
2015-07-01 17:08:00,13200.0,11184.6
2015-07-01 17:09:00,9305.97,8787.09
2015-07-01 17:10:00,9295.62,8873.22
2015-07-01 17:11:00,9279.05,8792.91
2015-07-01 17:12:00,5505.25,1028.24
2015-07-01 17:13:00,-326.451,-3348.49
2015-07-01 17:14:00,-402.511,-3430.18
2015-07-01 17:15:00,-421.184,-3501.49
2015-07-01 17:16:00,-428.376,-3557.37
2015-07-01 17:17:00,-537.828,-3647.14
2015-07-01 17:18:00,7396.53,458.581
2015-07-01 17:19:00,7492.05,3243.37
2015-07-01 17:20:00,7477.2,7194.06
2015-07-01 17:21:00,4110.68,7402.05
2015-07-01 17:22:00,-426.606,3108.88
2015-07-01 17:23:00,-588.19,-6145.89
2015-07-01 17:24:00,-572.393,-6294.85
2015-07-01 17:25:00,3110.31,-6197.53
2015-07-01 17:26:00,3234.95,-5850.93
2015-07-01 17:27:00,3252.22,-5902.16
2015-07-01 17:28:00,3241.3,1091.52
2015-07-01 17:29:00,3252.32,915.079
2015-07-01 17:30:00,-494.245,5135.7
2015-07-01 17:31:00,-484.687,8774.96
2015-07-01 17:32:00,-399.967,7113.74
2015-07-01 17:33:00,-291.244,4651.35
2015-07-01 17:34:00,-232.598,645.882
2015-07-01 17:35:00,-181.241,-5323.37
2015-07-01 17:36:00,4313.16,-5467.77
2015-07-01 17:37:00,7118.65,1650.48
2015-07-01 17:38:00,7144.71,1628.78
2015-07-01 17:39:00,10715.6,1932.67
2015-07-01 17:40:00,10975.1,1926.6
2015-07-01 17:41:00,3242.01,-4752.21
2015-07-01 17:42:00,3254.33,-2388.28
2015-07-01 17:43:00,-113.579,-2231.53
2015-07-01 17:44:00,-115.39,486.721
2015-07-01 17:45:00,-105.691,-1795.17
2015-07-01 17:46:00,28.1474,3209.76
2015-07-01 17:47:00,67.0869,491.393
2015-07-01 17:48:00,2925.71,586.233
2015-07-01 17:49:00,2931.02,440.486
2015-07-01 17:50:00,6554.17,-4446.81
2015-07-01 17:51:00,6495.36,-4512.59
2015-07-01 17:52:00,6500.09,-4451.6
2015-07-01 17:53:00,3670.4,-4242.1
2015-07-01 17:54:00,-45.9687,2130.83
2015-07-01 17:55:00,-42.3725,5051.0
2015-07-01 17:56:00,-143.101,9077.92
2015-07-01 17:57:00,-187.458,12939.6
2015-07-01 17:58:00,-192.094,6352.84
2015-07-01 17:59:00,-184.188,3400.11
2015-07-01 18:00:00,4185.7,4084.52
2015-07-01 18:01:00,4135.63,-160.018
2015-07-01 18:02:00,4133.5,3709.01
2015-07-01 18:03:00,4162.7,3617.36
2015-07-01 18:04:00,-334.031,-819.581
2015-07-01 18:05:00,-437.317,-4333.94
2015-07-01 18:06:00,-303.605,-4221.25
2015-07-01 18:07:00,-259.621,-4015.9
2015-07-01 18:08:00,-248.984,-4019.11
2015-07-01 18:09:00,3081.55,-4054.24
2015-07-01 18:10:00,3354.61,-3523.07
2015-07-01 18:11:00,4048.66,-2993.89
2015-07-01 18:12:00,592.42,-2920.2
2015-07-01 18:13:00,661.819,-2919.79
2015-07-01 18:14:00,1028.49,-2273.55
2015-07-01 18:15:00,1132.47,-2256.74
2015-07-01 18:16:00,1167.74,-2041.32
2015-07-01 18:17:00,1041.53,-2261.11
2015-07-01 18:18:00,997.808,-2288.43
2015-07-01 18:19:00,1820.42,-2122.13
2015-07-01 18:20:00,1548.83,-2415.91
2015-07-01 18:21:00,789.344,-2723.6
2015-07-01 18:22:00,664.924,-2943.36
2015-07-01 18:23:00,5917.34,2851.7
2015-07-01 18:24:00,4407.35,792.202
2015-07-01 18:25:00,4169.91,681.591
2015-07-01 18:26:00,4001.68,432.004
2015-07-01 18:27:00,563.99,-3233.02
2015-07-01 18:28:00,719.641,-3188.62
2015-07-01 18:29:00,554.459,-3225.79
2015-07-01 18:30:00,653.521,-3168.27
2015-07-01 18:31:00,1793.13,1688.77
2015-07-01 18:32:00,398.612,1585.67
2015-07-01 18:33:00,503.612,1810.58
2015-07-01 18:34:00,308.137,1663.37
2015-07-01 18:35:00,310.779,-3386.7
2015-07-01 18:36:00,403.0,-3221.55
2015-07-01 18:37:00,399.099,-3282.36
2015-07-01 18:38:00,463.915,-2898.2
2015-07-01 18:39:00,411.728,-1090.39
2015-07-01 18:40:00,282.169,-1359.2
2015-07-01 18:41:00,669.945,-576.389
2015-07-01 18:42:00,589.114,-706.563
2015-07-01 18:43:00,734.467,-330.703
2015-07-01 18:44:00,576.066,-603.405
2015-07-01 18:45:00,670.957,-345.283
2015-07-01 18:46:00,528.816,-799.163
2015-07-01 18:47:00,615.968,-484.801
2015-07-01 18:48:00,484.825,-727.16
2015-07-01 18:49:00,621.568,-394.144
2015-07-01 18:50:00,533.725,-645.974
2015-07-01 18:51:00,742.942,-300.76
2015-07-01 18:52:00,705.651,-309.31
2015-07-01 18:53:00,820.355,252.968
2015-07-01 18:54:00,932.637,1853.98
2015-07-01 18:55:00,930.894,654.97
2015-07-01 18:56:00,1128.0,1623.56
2015-07-01 18:57:00,1578.07,852.177
2015-07-01 18:58:00,2346.39,1511.3
2015-07-01 18:59:00,2491.15,1139.63
2015-07-01 19:00:00,1361.14,1122.6
2015-07-01 19:01:00,729.053,1144.28
2015-07-01 19:02:00,838.181,1081.52
2015-07-01 19:03:00,742.447,2048.28
2015-07-01 19:04:00,955.295,5317.62
2015-07-01 19:05:00,980.571,5221.55
2015-07-01 19:06:00,894.426,4772.71
2015-07-01 19:07:00,1059.27,3682.38
2015-07-01 19:08:00,929.563,4063.39
2015-07-01 19:09:00,1203.42,3144.89
2015-07-01 19:10:00,1103.6,5109.96
2015-07-01 19:11:00,1220.66,5322.11
2015-07-01 19:12:00,1140.44,1380.58
2015-07-01 19:13:00,1023.6,26.2943
2015-07-01 19:14:00,696.876,243.221
2015-07-01 19:15:00,829.289,1308.85
2015-07-01 19:16:00,697.572,1125.59
2015-07-01 19:17:00,876.833,1269.97
2015-07-01 19:18:00,751.266,1257.42
2015-07-01 19:19:00,1616.9,1299.67
2015-07-01 19:20:00,1764.58,1478.66
2015-07-01 19:21:00,1698.42,1048.24
2015-07-01 19:22:00,1631.17,-255.402
2015-07-01 19:23:00,1913.23,28.1686
2015-07-01 19:24:00,1777.08,24.6902
2015-07-01 19:25:00,1925.56,210.178
2015-07-01 19:26:00,1797.66,83.7072
2015-07-01 19:27:00,1797.98,77.6115
2015-07-01 19:28:00,1661.64,-139.698
2015-07-01 19:29:00,885.435,501.276
2015-07-01 19:30:00,704.31,245.033
2015-07-01 19:31:00,931.366,598.951
2015-07-01 19:32:00,845.224,618.085
2015-07-01 19:33:00,1379.05,724.484
2015-07-01 19:34:00,1364.92,954.491
2015-07-01 19:35:00,1530.25,1097.14
2015-07-01 19:36:00,1270.89,899.916
2015-07-01 19:37:00,1502.99,1209.78
2015-07-01 19:38:00,1423.08,1126.79
2015-07-01 19:39:00,1383.85,1314.96
2015-07-01 19:40:00,1528.26,1251.62
2015-07-01 19:41:00,1231.26,1000.08
2015-07-01 19:42:00,1483.14,1430.29
2015-07-01 19:43:00,1371.87,1304.44
2015-07-01 19:44:00,1517.28,1628.51
2015-07-01 19:45:00,1369.46,1594.03
2015-07-01 19:46:00,1511.73,1899.26
2015-07-01 19:47:00,1383.71,1667.3
2015-07-01 19:48:00,1541.6,2061.77
2015-07-01 19:49:00,1391.65,1961.69
2015-07-01 19:50:00,1509.88,2133.74
2015-07-01 19:51:00,1624.95,1947.34
2015-07-01 19:52:00,1830.76,2192.03
2015-07-01 19:53:00,1642.21,1714.56
2015-07-01 19:54:00,1825.07,1999.14
2015-07-01 19:55:00,1466.16,1658.71
2015-07-01 19:56:00,1587.18,1752.47
2015-07-01 19:57:00,1434.79,1847.3
2015-07-01 19:58:00,1580.86,1821.58
2015-07-01 19:59:00,1450.4,1902.94
2015-07-01 20:00:00,1606.24,1916.48
2015-07-01 20:01:00,1458.1,1931.51
2015-07-01 20:02:00,1517.63,1814.53
2015-07-01 20:03:00,1564.64,2071.76
2015-07-01 20:04:00,1464.51,1793.66
2015-07-01 20:05:00,1801.6,2356.43
2015-07-01 20:06:00,1605.49,2112.7
2015-07-01 20:07:00,1767.27,2172.43
2015-07-01 20:08:00,1617.07,2208.24
2015-07-01 20:09:00,1621.29,2000.86
2015-07-01 20:10:00,1563.95,2086.58
2015-07-01 20:11:00,1508.69,1701.39
2015-07-01 20:12:00,1515.0,1714.35
2015-07-01 20:13:00,1529.66,1613.97
2015-07-01 20:14:00,1528.67,1739.23
2015-07-01 20:15:00,1549.59,1778.19
2015-07-01 20:16:00,1583.04,1979.32
2015-07-01 20:17:00,1622.74,2023.47
2015-07-01 20:18:00,1681.23,2151.8
2015-07-01 20:19:00,1804.4,2533.66
2015-07-01 20:20:00,1773.15,2281.66
2015-07-01 20:21:00,1793.03,2492.05
2015-07-01 20:22:00,1769.08,2270.17
2015-07-01 20:23:00,1546.87,2288.32
2015-07-01 20:24:00,1514.57,2251.4
2015-07-01 20:25:00,1461.39,2187.46
2015-07-01 20:26:00,1585.64,2280.45
2015-07-01 20:27:00,1600.3,2155.19
2015-07-01 20:28:00,1585.74,2113.07
2015-07-01 20:29:00,1589.97,2144.74
2015-07-01 20:30:00,1576.46,2127.57
2015-07-01 20:31:00,1604.68,2172.76
2015-07-01 20:32:00,1553.6,2158.7
2015-07-01 20:33:00,1807.22,2414.87
2015-07-01 20:34:00,1830.23,2563.96
2015-07-01 20:35:00,1815.67,2448.08
2015-07-01 20:36:00,1661.3,2482.87
2015-07-01 20:37:00,1527.78,2196.53
2015-07-01 20:38:00,1517.39,2167.93
2015-07-01 20:39:00,1528.93,2322.25
2015-07-01 20:40:00,1485.14,3723.81
2015-07-01 20:41:00,1551.99,4395.63
2015-07-01 20:42:00,1555.17,4416.88
2015-07-01 20:43:00,1751.39,9471.1
2015-07-01 20:44:00,1888.12,9330.35
2015-07-01 20:45:00,1823.51,4502.44
2015-07-01 20:46:00,1886.16,4624.3
2015-07-01 20:47:00,1969.68,4738.88
2015-07-01 20:48:00,2011.46,4724.88
2015-07-01 20:49:00,2061.59,4747.18
2015-07-01 20:50:00,2201.41,5157.21
2015-07-01 20:51:00,2233.74,11782.3
2015-07-01 20:52:00,2244.23,11786.9
2015-07-01 20:53:00,2150.42,9824.15
2015-07-01 20:54:00,1833.36,9617.4
2015-07-01 20:55:00,1818.85,2929.87
2015-07-01 20:56:00,1833.52,2613.51
2015-07-01 20:57:00,1910.78,2697.15
2015-07-01 20:58:00,1838.84,2726.75
2015-07-01 20:59:00,1867.05,7992.54
2015-07-01 21:00:00,1971.43,8153.44
2015-07-01 21:01:00,1897.38,3179.43
2015-07-01 21:02:00,1659.48,2902.09
2015-07-01 21:03:00,1670.96,3115.03
2015-07-01 21:04:00,1495.64,2653.77
2015-07-01 21:05:00,1533.21,2360.95
2015-07-01 21:06:00,1693.92,2509.57
2015-07-01 21:07:00,1715.79,9046.89
2015-07-01 21:08:00,1500.82,8843.56
2015-07-01 21:09:00,1487.25,8811.58
2015-07-01 21:10:00,1698.06,8753.8
2015-07-01 21:11:00,1642.75,8629.93
2015-07-01 21:12:00,1511.29,1892.09
2015-07-01 21:13:00,1514.41,6781.59
2015-07-01 21:14:00,1663.64,6991.83
2015-07-01 21:15:00,1640.68,6941.43
2015-07-01 21:16:00,1624.01,2043.9
2015-07-01 21:17:00,1638.61,2390.84
2015-07-01 21:18:00,1483.11,2173.59
2015-07-01 21:19:00,1479.98,2388.76
2015-07-01 21:20:00,1465.37,2406.43
2015-07-01 21:21:00,1358.91,2286.89
2015-07-01 21:22:00,1049.89,1984.36
2015-07-01 21:23:00,1065.52,8212.74
2015-07-01 21:24:00,967.373,8097.08
2015-07-01 21:25:00,968.418,8126.01
2015-07-01 21:26:00,909.941,8114.64
2015-07-01 21:27:00,970.517,6570.11
2015-07-01 21:28:00,1132.36,6940.28
2015-07-01 21:29:00,1182.47,7017.59
2015-07-01 21:30:00,1226.33,2233.09
2015-07-01 21:31:00,1297.32,2367.18
2015-07-01 21:32:00,1286.88,2224.78
2015-07-01 21:33:00,1297.32,2224.78
2015-07-01 21:34:00,1268.09,2525.94
2015-07-01 21:35:00,1258.69,2537.37
2015-07-01 21:36:00,7857.16,2624.77
2015-07-01 21:37:00,7851.98,2478.24
2015-07-01 21:38:00,7836.1,9088.06
2015-07-01 21:39:00,7656.76,8924.0
2015-07-01 21:40:00,7628.79,8228.95
2015-07-01 21:41:00,7753.02,13361.4
2015-07-01 21:42:00,7774.79,13308.2
2015-07-01 21:43:00,7775.12,6735.75
2015-07-01 21:44:00,7774.24,2059.57
2015-07-01 21:45:00,1094.78,1723.62
2015-07-01 21:46:00,1020.65,1558.25
2015-07-01 21:47:00,1029.0,1641.46
2015-07-01 21:48:00,1029.0,1625.86
2015-07-01 21:49:00,1026.92,1534.33
2015-07-01 21:50:00,943.379,1546.81
2015-07-01 21:51:00,856.703,1606.85
2015-07-01 21:52:00,851.481,1694.22
2015-07-01 21:53:00,851.461,8167.77
2015-07-01 21:54:00,850.416,8287.56
2015-07-01 21:55:00,1000.77,13232.4
2015-07-01 21:56:00,1016.44,13316.4
2015-07-01 21:57:00,1117.71,13038.2
2015-07-01 21:58:00,1127.15,1847.37
2015-07-01 21:59:00,1015.43,1594.66
2015-07-01 22:00:00,7557.4,1693.53
2015-07-01 22:01:00,7558.44,1562.47
2015-07-01 22:02:00,7573.99,1605.12
2015-07-01 22:03:00,7580.21,1646.73
2015-07-01 22:04:00,7567.77,1551.03
2015-07-01 22:05:00,7564.66,1689.37
2015-07-01 22:06:00,7579.18,1563.52
2015-07-01 22:07:00,7649.68,1754.89
2015-07-01 22:08:00,7692.89,8601.02
2015-07-01 22:09:00,1292.05,13826.5
2015-07-01 22:10:00,1307.71,13802.8
2015-07-01 22:11:00,1411.06,9083.51
2015-07-01 22:12:00,1453.85,9249.63
2015-07-01 22:13:00,1319.24,2353.42
2015-07-01 22:14:00,1304.63,2103.15
2015-07-01 22:15:00,1287.92,2357.82
2015-07-01 22:16:00,1224.24,2182.16
2015-07-01 22:17:00,1445.54,2212.31
2015-07-01 22:18:00,1428.84,2070.92
2015-07-01 22:19:00,1395.44,2218.54
2015-07-01 22:20:00,1406.92,2090.68
2015-07-01 22:21:00,1402.75,2275.71
2015-07-01 22:22:00,1417.34,6964.76
2015-07-01 22:23:00,1589.51,13815.8
2015-07-01 22:24:00,8174.65,13828.8
2015-07-01 22:25:00,8152.01,9291.34
2015-07-01 22:26:00,8146.83,9262.45
2015-07-01 22:27:00,7993.46,9058.14
2015-07-01 22:28:00,7996.9,2406.53
2015-07-01 22:29:00,7836.27,2343.12
2015-07-01 22:30:00,7795.86,2147.68
2015-07-01 22:31:00,7779.28,1872.41
2015-07-01 22:32:00,7715.12,1768.41
2015-07-01 22:33:00,1131.33,1963.83
2015-07-01 22:34:00,1138.63,1932.64
2015-07-01 22:35:00,1148.03,2202.95
2015-07-01 22:36:00,1223.18,7010.4
2015-07-01 22:37:00,1319.22,7285.49
2015-07-01 22:38:00,1306.67,13747.7
2015-07-01 22:39:00,1300.42,8847.71
2015-07-01 22:40:00,1209.6,8726.94
2015-07-01 22:41:00,1037.33,8117.75
2015-07-01 22:42:00,1045.68,8609.58
2015-07-01 22:43:00,1035.27,1897.01
2015-07-01 22:44:00,1041.53,2057.14
2015-07-01 22:45:00,1053.02,1961.48
2015-07-01 22:46:00,1042.58,2060.26
2015-07-01 22:47:00,1034.22,2029.07
2015-07-01 22:48:00,7505.72,1806.89
2015-07-01 22:49:00,7478.76,1767.37
2015-07-01 22:50:00,7559.47,6785.32
2015-07-01 22:51:00,7637.23,6893.33
2015-07-01 22:52:00,7633.25,2012.78
2015-07-01 22:53:00,7638.12,8319.83
2015-07-01 22:54:00,7587.32,8123.61
2015-07-01 22:55:00,7491.93,8005.85
2015-07-01 22:56:00,7494.0,8017.21
2015-07-01 22:57:00,879.657,7909.23
2015-07-01 22:58:00,886.988,1790.94
2015-07-01 22:59:00,876.545,1718.14
2015-07-01 23:00:00,883.855,1793.02
2015-07-01 23:01:00,872.368,1730.62
2015-07-01 23:02:00,884.868,11536.2
2015-07-01 23:03:00,880.68,16372.1
2015-07-01 23:04:00,1026.87,16292.5
2015-07-01 23:05:00,1027.91,16212.4
2015-07-01 23:06:00,1038.36,11473.9
2015-07-01 23:07:00,1038.36,11397.7
2015-07-01 23:08:00,759.531,17558.8
2015-07-01 23:09:00,715.667,17443.4
2015-07-01 23:10:00,721.959,7694.33
2015-07-01 23:11:00,7400.51,7789.93
2015-07-01 23:12:00,7424.35,7809.57
2015-07-01 23:13:00,7409.12,1268.06
2015-07-01 23:14:00,7426.75,1314.88
2015-07-01 23:15:00,7410.15,1589.24
2015-07-01 23:16:00,7424.67,1658.93
2015-07-01 23:17:00,7417.25,6357.0
2015-07-01 23:18:00,7640.17,6909.57
2015-07-01 23:19:00,7567.6,6614.64
2015-07-01 23:20:00,1003.94,2095.61
2015-07-01 23:21:00,980.971,1711.14
2015-07-01 23:22:00,855.659,1578.01
2015-07-01 23:23:00,837.885,7990.82
2015-07-01 23:24:00,877.568,8355.28
2015-07-01 23:25:00,885.923,8120.79
2015-07-01 23:26:00,1260.75,8405.83
2015-07-01 23:27:00,1283.72,8416.14
2015-07-01 23:28:00,1298.36,1935.76
2015-07-01 23:29:00,1277.44,11721.9
2015-07-01 23:30:00,1284.75,11703.4
2015-07-01 23:31:00,1360.93,16675.8
2015-07-01 23:32:00,1464.26,17083.1
2015-07-01 23:33:00,1440.27,12206.0
2015-07-01 23:34:00,1431.87,21958.6
2015-07-01 23:35:00,7947.25,21878.8
2015-07-01 23:36:00,7852.91,23463.3
2015-07-01 23:37:00,7844.6,24182.0
2015-07-01 23:38:00,7851.58,29079.1
2015-07-01 23:39:00,7843.31,27850.5
2015-07-01 23:40:00,7838.13,27857.6
2015-07-01 23:41:00,7820.98,18140.2
2015-07-01 23:42:00,7822.01,18126.9
2015-07-01 23:43:00,7727.57,1740.33
2015-07-01 23:44:00,1113.56,6476.71
2015-07-01 23:45:00,1224.23,6650.18
2015-07-01 23:46:00,1226.32,6482.98
2015-07-01 23:47:00,1086.43,1430.31
2015-07-01 23:48:00,1094.78,1397.02
2015-07-01 23:49:00,1006.03,1703.58
2015-07-01 23:50:00,961.131,1593.33
2015-07-01 23:51:00,973.661,1855.42
2015-07-01 23:52:00,1002.9,1851.26
2015-07-01 23:53:00,1014.36,11312.0
2015-07-01 23:54:00,1021.67,10879.7
2015-07-01 23:55:00,949.622,7854.49
2015-07-01 23:56:00,740.759,7636.46
2015-07-01 23:57:00,702.114,7864.78
2015-07-01 23:58:00,7297.13,5985.39
2015-07-01 23:59:00,7297.13,5985.39
